date,event,note
2017-03-10,NFP,"08:30 ET, before the open"
2017-03-15,FOMC_scheduled,14:00 ET statement (scheduled); unscheduled/notation times vary
2017-03-15,CPI,"08:30 ET, before the open"
2017-03-17,SPY_EX_DIV,ex-dividend 1.0330 USD -> mechanical gap down at the open
2017-04-07,NFP,"08:30 ET, before the open"
2017-05-03,FOMC_scheduled,14:00 ET statement (scheduled); unscheduled/notation times vary
2017-05-05,NFP,"08:30 ET, before the open"
2017-05-12,CPI,"08:30 ET, before the open"
2017-06-02,NFP,"08:30 ET, before the open"
2017-06-14,FOMC_scheduled,14:00 ET statement (scheduled); unscheduled/notation times vary
2017-06-14,CPI,"08:30 ET, before the open"
2017-06-16,SPY_EX_DIV,ex-dividend 1.1830 USD -> mechanical gap down at the open
2017-07-03,HALF_DAY,session closes 13:00 ET
2017-07-07,NFP,"08:30 ET, before the open"
2017-07-14,CPI,"08:30 ET, before the open"
2017-07-26,FOMC_scheduled,14:00 ET statement (scheduled); unscheduled/notation times vary
2017-08-04,NFP,"08:30 ET, before the open"
2017-08-11,CPI,"08:30 ET, before the open"
2017-09-01,NFP,"08:30 ET, before the open"
2017-09-14,CPI,"08:30 ET, before the open"
2017-09-15,SPY_EX_DIV,ex-dividend 1.2350 USD -> mechanical gap down at the open
2017-09-20,FOMC_scheduled,14:00 ET statement (scheduled); unscheduled/notation times vary
2017-10-06,NFP,"08:30 ET, before the open"
2017-10-13,CPI,"08:30 ET, before the open"
2017-11-01,FOMC_scheduled,14:00 ET statement (scheduled); unscheduled/notation times vary
2017-11-03,NFP,"08:30 ET, before the open"
2017-11-15,CPI,"08:30 ET, before the open"
2017-11-24,HALF_DAY,session closes 13:00 ET
2017-12-08,NFP,"08:30 ET, before the open"
2017-12-13,FOMC_scheduled,14:00 ET statement (scheduled); unscheduled/notation times vary
2017-12-13,CPI,"08:30 ET, before the open"
2017-12-15,SPY_EX_DIV,ex-dividend 1.3510 USD -> mechanical gap down at the open
2018-01-05,NFP,"08:30 ET, before the open"
2018-01-12,CPI,"08:30 ET, before the open"
2018-01-31,FOMC_scheduled,14:00 ET statement (scheduled); unscheduled/notation times vary
2018-02-02,NFP,"08:30 ET, before the open"
2018-02-14,CPI,"08:30 ET, before the open"
2018-03-09,NFP,"08:30 ET, before the open"
2018-03-13,CPI,"08:30 ET, before the open"
2018-03-16,SPY_EX_DIV,ex-dividend 1.0970 USD -> mechanical gap down at the open
2018-03-21,FOMC_scheduled,14:00 ET statement (scheduled); unscheduled/notation times vary
2018-04-06,NFP,"08:30 ET, before the open"
2018-04-11,CPI,"08:30 ET, before the open"
2018-05-02,FOMC_scheduled,14:00 ET statement (scheduled); unscheduled/notation times vary
2018-05-04,NFP,"08:30 ET, before the open"
2018-05-10,CPI,"08:30 ET, before the open"
2018-06-01,NFP,"08:30 ET, before the open"
2018-06-12,CPI,"08:30 ET, before the open"
2018-06-13,FOMC_scheduled,14:00 ET statement (scheduled); unscheduled/notation times vary
2018-06-15,SPY_EX_DIV,ex-dividend 1.2460 USD -> mechanical gap down at the open
2018-07-03,HALF_DAY,session closes 13:00 ET
2018-07-06,NFP,"08:30 ET, before the open"
2018-07-12,CPI,"08:30 ET, before the open"
2018-08-01,FOMC_scheduled,14:00 ET statement (scheduled); unscheduled/notation times vary
2018-08-03,NFP,"08:30 ET, before the open"
2018-08-10,CPI,"08:30 ET, before the open"
2018-09-07,NFP,"08:30 ET, before the open"
2018-09-13,CPI,"08:30 ET, before the open"
2018-09-21,SPY_EX_DIV,ex-dividend 1.3230 USD -> mechanical gap down at the open
2018-09-26,FOMC_scheduled,14:00 ET statement (scheduled); unscheduled/notation times vary
2018-10-05,NFP,"08:30 ET, before the open"
2018-10-11,CPI,"08:30 ET, before the open"
2018-11-02,NFP,"08:30 ET, before the open"
2018-11-08,FOMC_scheduled,14:00 ET statement (scheduled); unscheduled/notation times vary
2018-11-14,CPI,"08:30 ET, before the open"
2018-11-23,HALF_DAY,session closes 13:00 ET
2018-12-07,NFP,"08:30 ET, before the open"
2018-12-12,CPI,"08:30 ET, before the open"
2018-12-19,FOMC_scheduled,14:00 ET statement (scheduled); unscheduled/notation times vary
2018-12-21,SPY_EX_DIV,ex-dividend 1.4350 USD -> mechanical gap down at the open
2018-12-24,HALF_DAY,session closes 13:00 ET
2019-01-04,NFP,"08:30 ET, before the open"
2019-01-11,CPI,"08:30 ET, before the open"
2019-01-30,FOMC_scheduled,14:00 ET statement (scheduled); unscheduled/notation times vary
2019-02-01,NFP,"08:30 ET, before the open"
2019-02-13,CPI,"08:30 ET, before the open"
2019-03-08,NFP,"08:30 ET, before the open"
2019-03-12,CPI,"08:30 ET, before the open"
2019-03-15,SPY_EX_DIV,ex-dividend 1.2330 USD -> mechanical gap down at the open
2019-03-20,FOMC_scheduled,14:00 ET statement (scheduled); unscheduled/notation times vary
2019-04-05,NFP,"08:30 ET, before the open"
2019-04-10,CPI,"08:30 ET, before the open"
2019-05-01,FOMC_scheduled,14:00 ET statement (scheduled); unscheduled/notation times vary
2019-05-03,NFP,"08:30 ET, before the open"
2019-05-10,CPI,"08:30 ET, before the open"
2019-06-07,NFP,"08:30 ET, before the open"
2019-06-12,CPI,"08:30 ET, before the open"
2019-06-19,FOMC_scheduled,14:00 ET statement (scheduled); unscheduled/notation times vary
2019-06-21,SPY_EX_DIV,ex-dividend 1.4320 USD -> mechanical gap down at the open
2019-07-03,HALF_DAY,session closes 13:00 ET
2019-07-05,NFP,"08:30 ET, before the open"
2019-07-11,CPI,"08:30 ET, before the open"
2019-07-31,FOMC_scheduled,14:00 ET statement (scheduled); unscheduled/notation times vary
2019-08-02,NFP,"08:30 ET, before the open"
2019-08-13,CPI,"08:30 ET, before the open"
2019-09-06,NFP,"08:30 ET, before the open"
2019-09-12,CPI,"08:30 ET, before the open"
2019-09-18,FOMC_scheduled,14:00 ET statement (scheduled); unscheduled/notation times vary
2019-09-20,SPY_EX_DIV,ex-dividend 1.3840 USD -> mechanical gap down at the open
2019-10-04,FOMC_unscheduled,14:00 ET statement (scheduled); unscheduled/notation times vary
2019-10-04,NFP,"08:30 ET, before the open"
2019-10-10,CPI,"08:30 ET, before the open"
2019-10-30,FOMC_scheduled,14:00 ET statement (scheduled); unscheduled/notation times vary
2019-11-01,NFP,"08:30 ET, before the open"
2019-11-13,CPI,"08:30 ET, before the open"
2019-11-29,HALF_DAY,session closes 13:00 ET
2019-12-06,NFP,"08:30 ET, before the open"
2019-12-11,FOMC_scheduled,14:00 ET statement (scheduled); unscheduled/notation times vary
2019-12-11,CPI,"08:30 ET, before the open"
2019-12-20,SPY_EX_DIV,ex-dividend 1.5700 USD -> mechanical gap down at the open
2019-12-24,HALF_DAY,session closes 13:00 ET
2020-01-10,NFP,"08:30 ET, before the open"
2020-01-14,CPI,"08:30 ET, before the open"
2020-01-29,FOMC_scheduled,14:00 ET statement (scheduled); unscheduled/notation times vary
2020-02-07,NFP,"08:30 ET, before the open"
2020-02-13,CPI,"08:30 ET, before the open"
2020-03-03,FOMC_unscheduled,14:00 ET statement (scheduled); unscheduled/notation times vary
2020-03-06,NFP,"08:30 ET, before the open"
2020-03-11,CPI,"08:30 ET, before the open"
2020-03-18,FOMC_scheduled,14:00 ET statement (scheduled); unscheduled/notation times vary
2020-03-19,FOMC_notation_vote,14:00 ET statement (scheduled); unscheduled/notation times vary
2020-03-20,SPY_EX_DIV,ex-dividend 1.4060 USD -> mechanical gap down at the open
2020-03-23,FOMC_notation_vote,14:00 ET statement (scheduled); unscheduled/notation times vary
2020-03-31,FOMC_notation_vote,14:00 ET statement (scheduled); unscheduled/notation times vary
2020-04-03,NFP,"08:30 ET, before the open"
2020-04-29,FOMC_scheduled,14:00 ET statement (scheduled); unscheduled/notation times vary
2020-05-08,NFP,"08:30 ET, before the open"
2020-05-12,CPI,"08:30 ET, before the open"
2020-06-05,NFP,"08:30 ET, before the open"
2020-06-10,FOMC_scheduled,14:00 ET statement (scheduled); unscheduled/notation times vary
2020-06-10,CPI,"08:30 ET, before the open"
2020-06-19,SPY_EX_DIV,ex-dividend 1.3660 USD -> mechanical gap down at the open
2020-07-02,NFP,"08:30 ET, before the open"
2020-07-14,CPI,"08:30 ET, before the open"
2020-07-29,FOMC_scheduled,14:00 ET statement (scheduled); unscheduled/notation times vary
2020-08-07,NFP,"08:30 ET, before the open"
2020-08-12,CPI,"08:30 ET, before the open"
2020-08-27,FOMC_notation_vote,14:00 ET statement (scheduled); unscheduled/notation times vary
2020-09-04,NFP,"08:30 ET, before the open"
2020-09-11,CPI,"08:30 ET, before the open"
2020-09-16,FOMC_scheduled,14:00 ET statement (scheduled); unscheduled/notation times vary
2020-09-18,SPY_EX_DIV,ex-dividend 1.3390 USD -> mechanical gap down at the open
2020-10-02,NFP,"08:30 ET, before the open"
2020-10-13,CPI,"08:30 ET, before the open"
2020-11-05,FOMC_scheduled,14:00 ET statement (scheduled); unscheduled/notation times vary
2020-11-06,NFP,"08:30 ET, before the open"
2020-11-12,CPI,"08:30 ET, before the open"
2020-11-27,HALF_DAY,session closes 13:00 ET
2020-12-04,NFP,"08:30 ET, before the open"
2020-12-10,CPI,"08:30 ET, before the open"
2020-12-16,FOMC_scheduled,14:00 ET statement (scheduled); unscheduled/notation times vary
2020-12-18,SPY_EX_DIV,ex-dividend 1.5800 USD -> mechanical gap down at the open
2020-12-24,HALF_DAY,session closes 13:00 ET
2021-01-08,NFP,"08:30 ET, before the open"
2021-01-13,CPI,"08:30 ET, before the open"
2021-01-27,FOMC_scheduled,14:00 ET statement (scheduled); unscheduled/notation times vary
2021-02-05,NFP,"08:30 ET, before the open"
2021-02-10,CPI,"08:30 ET, before the open"
2021-03-05,NFP,"08:30 ET, before the open"
2021-03-10,CPI,"08:30 ET, before the open"
2021-03-17,FOMC_scheduled,14:00 ET statement (scheduled); unscheduled/notation times vary
2021-03-19,SPY_EX_DIV,ex-dividend 1.2780 USD -> mechanical gap down at the open
2021-04-13,CPI,"08:30 ET, before the open"
2021-04-28,FOMC_scheduled,14:00 ET statement (scheduled); unscheduled/notation times vary
2021-05-07,NFP,"08:30 ET, before the open"
2021-05-12,CPI,"08:30 ET, before the open"
2021-06-04,NFP,"08:30 ET, before the open"
2021-06-10,CPI,"08:30 ET, before the open"
2021-06-16,FOMC_scheduled,14:00 ET statement (scheduled); unscheduled/notation times vary
2021-06-18,SPY_EX_DIV,ex-dividend 1.3760 USD -> mechanical gap down at the open
2021-07-02,NFP,"08:30 ET, before the open"
2021-07-13,CPI,"08:30 ET, before the open"
2021-07-28,FOMC_scheduled,14:00 ET statement (scheduled); unscheduled/notation times vary
2021-08-06,NFP,"08:30 ET, before the open"
2021-08-11,CPI,"08:30 ET, before the open"
2021-09-03,NFP,"08:30 ET, before the open"
2021-09-14,CPI,"08:30 ET, before the open"
2021-09-17,SPY_EX_DIV,ex-dividend 1.4280 USD -> mechanical gap down at the open
2021-09-22,FOMC_scheduled,14:00 ET statement (scheduled); unscheduled/notation times vary
2021-10-08,NFP,"08:30 ET, before the open"
2021-10-13,CPI,"08:30 ET, before the open"
2021-11-03,FOMC_scheduled,14:00 ET statement (scheduled); unscheduled/notation times vary
2021-11-05,NFP,"08:30 ET, before the open"
2021-11-10,CPI,"08:30 ET, before the open"
2021-11-26,HALF_DAY,session closes 13:00 ET
2021-12-03,NFP,"08:30 ET, before the open"
2021-12-10,CPI,"08:30 ET, before the open"
2021-12-15,FOMC_scheduled,14:00 ET statement (scheduled); unscheduled/notation times vary
2021-12-17,SPY_EX_DIV,ex-dividend 1.6330 USD -> mechanical gap down at the open
2022-01-07,NFP,"08:30 ET, before the open"
2022-01-12,CPI,"08:30 ET, before the open"
2022-01-26,FOMC_scheduled,14:00 ET statement (scheduled); unscheduled/notation times vary
2022-02-04,NFP,"08:30 ET, before the open"
2022-02-10,CPI,"08:30 ET, before the open"
2022-03-04,NFP,"08:30 ET, before the open"
2022-03-10,CPI,"08:30 ET, before the open"
2022-03-16,FOMC_scheduled,14:00 ET statement (scheduled); unscheduled/notation times vary
2022-03-18,SPY_EX_DIV,ex-dividend 1.3660 USD -> mechanical gap down at the open
2022-04-01,NFP,"08:30 ET, before the open"
2022-04-12,CPI,"08:30 ET, before the open"
2022-05-04,FOMC_scheduled,14:00 ET statement (scheduled); unscheduled/notation times vary
2022-05-06,NFP,"08:30 ET, before the open"
2022-05-11,CPI,"08:30 ET, before the open"
2022-06-03,NFP,"08:30 ET, before the open"
2022-06-10,CPI,"08:30 ET, before the open"
2022-06-15,FOMC_scheduled,14:00 ET statement (scheduled); unscheduled/notation times vary
2022-06-17,SPY_EX_DIV,ex-dividend 1.5770 USD -> mechanical gap down at the open
2022-07-08,NFP,"08:30 ET, before the open"
2022-07-13,CPI,"08:30 ET, before the open"
2022-07-27,FOMC_scheduled,14:00 ET statement (scheduled); unscheduled/notation times vary
2022-08-05,NFP,"08:30 ET, before the open"
2022-08-10,CPI,"08:30 ET, before the open"
2022-09-02,NFP,"08:30 ET, before the open"
2022-09-13,CPI,"08:30 ET, before the open"
2022-09-16,SPY_EX_DIV,ex-dividend 1.5960 USD -> mechanical gap down at the open
2022-09-21,FOMC_scheduled,14:00 ET statement (scheduled); unscheduled/notation times vary
2022-10-07,NFP,"08:30 ET, before the open"
2022-10-13,CPI,"08:30 ET, before the open"
2022-11-02,FOMC_scheduled,14:00 ET statement (scheduled); unscheduled/notation times vary
2022-11-04,NFP,"08:30 ET, before the open"
2022-11-10,CPI,"08:30 ET, before the open"
2022-11-25,HALF_DAY,session closes 13:00 ET
2022-12-02,NFP,"08:30 ET, before the open"
2022-12-13,CPI,"08:30 ET, before the open"
2022-12-14,FOMC_scheduled,14:00 ET statement (scheduled); unscheduled/notation times vary
2022-12-16,SPY_EX_DIV,ex-dividend 1.7810 USD -> mechanical gap down at the open
2023-01-06,NFP,"08:30 ET, before the open"
2023-01-12,CPI,"08:30 ET, before the open"
2023-02-01,FOMC_scheduled,14:00 ET statement (scheduled); unscheduled/notation times vary
2023-02-03,NFP,"08:30 ET, before the open"
2023-02-14,CPI,"08:30 ET, before the open"
2023-03-10,NFP,"08:30 ET, before the open"
2023-03-14,CPI,"08:30 ET, before the open"
2023-03-17,SPY_EX_DIV,ex-dividend 1.5060 USD -> mechanical gap down at the open
2023-03-22,FOMC_scheduled,14:00 ET statement (scheduled); unscheduled/notation times vary
2023-04-12,CPI,"08:30 ET, before the open"
2023-05-03,FOMC_scheduled,14:00 ET statement (scheduled); unscheduled/notation times vary
2023-05-05,NFP,"08:30 ET, before the open"
2023-05-10,CPI,"08:30 ET, before the open"
2023-06-02,NFP,"08:30 ET, before the open"
2023-06-13,CPI,"08:30 ET, before the open"
2023-06-14,FOMC_scheduled,14:00 ET statement (scheduled); unscheduled/notation times vary
2023-06-16,SPY_EX_DIV,ex-dividend 1.6380 USD -> mechanical gap down at the open
2023-07-03,HALF_DAY,session closes 13:00 ET
2023-07-07,NFP,"08:30 ET, before the open"
2023-07-12,CPI,"08:30 ET, before the open"
2023-07-26,FOMC_scheduled,14:00 ET statement (scheduled); unscheduled/notation times vary
2023-08-04,NFP,"08:30 ET, before the open"
2023-08-10,CPI,"08:30 ET, before the open"
2023-09-01,NFP,"08:30 ET, before the open"
2023-09-13,CPI,"08:30 ET, before the open"
2023-09-15,SPY_EX_DIV,ex-dividend 1.5830 USD -> mechanical gap down at the open
2023-09-20,FOMC_scheduled,14:00 ET statement (scheduled); unscheduled/notation times vary
2023-10-06,NFP,"08:30 ET, before the open"
2023-10-12,CPI,"08:30 ET, before the open"
2023-11-01,FOMC_scheduled,14:00 ET statement (scheduled); unscheduled/notation times vary
2023-11-03,NFP,"08:30 ET, before the open"
2023-11-14,CPI,"08:30 ET, before the open"
2023-11-24,HALF_DAY,session closes 13:00 ET
2023-12-08,NFP,"08:30 ET, before the open"
2023-12-12,CPI,"08:30 ET, before the open"
2023-12-13,FOMC_scheduled,14:00 ET statement (scheduled); unscheduled/notation times vary
2023-12-15,SPY_EX_DIV,ex-dividend 1.9060 USD -> mechanical gap down at the open
2024-01-05,NFP,"08:30 ET, before the open"
2024-01-11,CPI,"08:30 ET, before the open"
2024-01-31,FOMC_scheduled,14:00 ET statement (scheduled); unscheduled/notation times vary
2024-02-02,NFP,"08:30 ET, before the open"
2024-02-13,CPI,"08:30 ET, before the open"
2024-03-08,NFP,"08:30 ET, before the open"
2024-03-12,CPI,"08:30 ET, before the open"
2024-03-15,SPY_EX_DIV,ex-dividend 1.5950 USD -> mechanical gap down at the open
2024-03-20,FOMC_scheduled,14:00 ET statement (scheduled); unscheduled/notation times vary
2024-04-05,NFP,"08:30 ET, before the open"
2024-04-10,CPI,"08:30 ET, before the open"
2024-05-01,FOMC_scheduled,14:00 ET statement (scheduled); unscheduled/notation times vary
2024-05-03,NFP,"08:30 ET, before the open"
2024-05-15,CPI,"08:30 ET, before the open"
2024-06-07,NFP,"08:30 ET, before the open"
2024-06-12,FOMC_scheduled,14:00 ET statement (scheduled); unscheduled/notation times vary
2024-06-12,CPI,"08:30 ET, before the open"
2024-06-21,SPY_EX_DIV,ex-dividend 1.7590 USD -> mechanical gap down at the open
2024-07-03,HALF_DAY,session closes 13:00 ET
2024-07-05,NFP,"08:30 ET, before the open"
2024-07-11,CPI,"08:30 ET, before the open"
2024-07-31,FOMC_scheduled,14:00 ET statement (scheduled); unscheduled/notation times vary
2024-08-02,NFP,"08:30 ET, before the open"
2024-08-14,CPI,"08:30 ET, before the open"
2024-09-06,NFP,"08:30 ET, before the open"
2024-09-11,CPI,"08:30 ET, before the open"
2024-09-18,FOMC_scheduled,14:00 ET statement (scheduled); unscheduled/notation times vary
2024-09-20,SPY_EX_DIV,ex-dividend 1.7460 USD -> mechanical gap down at the open
2024-10-04,NFP,"08:30 ET, before the open"
2024-10-10,CPI,"08:30 ET, before the open"
2024-11-01,NFP,"08:30 ET, before the open"
2024-11-07,FOMC_scheduled,14:00 ET statement (scheduled); unscheduled/notation times vary
2024-11-13,CPI,"08:30 ET, before the open"
2024-11-29,HALF_DAY,session closes 13:00 ET
2024-12-06,NFP,"08:30 ET, before the open"
2024-12-11,CPI,"08:30 ET, before the open"
2024-12-18,FOMC_scheduled,14:00 ET statement (scheduled); unscheduled/notation times vary
2024-12-20,SPY_EX_DIV,ex-dividend 1.9660 USD -> mechanical gap down at the open
2024-12-24,HALF_DAY,session closes 13:00 ET
2025-01-10,NFP,"08:30 ET, before the open"
2025-01-15,CPI,"08:30 ET, before the open"
2025-01-29,FOMC_scheduled,14:00 ET statement (scheduled); unscheduled/notation times vary
2025-02-07,NFP,"08:30 ET, before the open"
2025-02-12,CPI,"08:30 ET, before the open"
2025-03-07,NFP,"08:30 ET, before the open"
2025-03-12,CPI,"08:30 ET, before the open"
2025-03-19,FOMC_scheduled,14:00 ET statement (scheduled); unscheduled/notation times vary
2025-03-21,SPY_EX_DIV,ex-dividend 1.6960 USD -> mechanical gap down at the open
2025-04-04,NFP,"08:30 ET, before the open"
2025-04-10,CPI,"08:30 ET, before the open"
2025-05-02,NFP,"08:30 ET, before the open"
2025-05-07,FOMC_scheduled,14:00 ET statement (scheduled); unscheduled/notation times vary
2025-05-13,CPI,"08:30 ET, before the open"
2025-06-06,NFP,"08:30 ET, before the open"
2025-06-11,CPI,"08:30 ET, before the open"
2025-06-18,FOMC_scheduled,14:00 ET statement (scheduled); unscheduled/notation times vary
2025-06-20,SPY_EX_DIV,ex-dividend 1.7610 USD -> mechanical gap down at the open
2025-07-03,NFP,"08:30 ET, before the open"
2025-07-03,HALF_DAY,session closes 13:00 ET
2025-07-15,CPI,"08:30 ET, before the open"
2025-07-30,FOMC_scheduled,14:00 ET statement (scheduled); unscheduled/notation times vary
2025-08-01,NFP,"08:30 ET, before the open"
2025-08-12,CPI,"08:30 ET, before the open"
2025-08-22,FOMC_notation_vote,14:00 ET statement (scheduled); unscheduled/notation times vary
2025-09-05,NFP,"08:30 ET, before the open"
2025-09-11,CPI,"08:30 ET, before the open"
2025-09-17,FOMC_scheduled,14:00 ET statement (scheduled); unscheduled/notation times vary
2025-09-19,SPY_EX_DIV,ex-dividend 1.8310 USD -> mechanical gap down at the open
2025-10-24,CPI,"08:30 ET, before the open"
2025-10-29,FOMC_scheduled,14:00 ET statement (scheduled); unscheduled/notation times vary
2025-11-20,NFP,"08:30 ET, before the open"
2025-11-28,HALF_DAY,session closes 13:00 ET
2025-12-10,FOMC_scheduled,14:00 ET statement (scheduled); unscheduled/notation times vary
2025-12-16,NFP,"08:30 ET, before the open"
2025-12-18,CPI,"08:30 ET, before the open"
2025-12-19,SPY_EX_DIV,ex-dividend 1.9930 USD -> mechanical gap down at the open
2025-12-24,HALF_DAY,session closes 13:00 ET
2026-01-09,NFP,"08:30 ET, before the open"
2026-01-13,CPI,"08:30 ET, before the open"
2026-01-28,FOMC_scheduled,14:00 ET statement (scheduled); unscheduled/notation times vary
2026-02-11,NFP,"08:30 ET, before the open"
2026-02-13,CPI,"08:30 ET, before the open"
2026-03-06,NFP,"08:30 ET, before the open"
2026-03-11,CPI,"08:30 ET, before the open"
2026-03-18,FOMC_scheduled,14:00 ET statement (scheduled); unscheduled/notation times vary
2026-03-20,SPY_EX_DIV,ex-dividend 1.7970 USD -> mechanical gap down at the open
2026-04-10,CPI,"08:30 ET, before the open"
2026-04-29,FOMC_scheduled,14:00 ET statement (scheduled); unscheduled/notation times vary
2026-05-08,NFP,"08:30 ET, before the open"
2026-05-12,CPI,"08:30 ET, before the open"
2026-06-05,NFP,"08:30 ET, before the open"
2026-06-10,CPI,"08:30 ET, before the open"
2026-06-17,FOMC_scheduled,14:00 ET statement (scheduled); unscheduled/notation times vary
2026-06-18,SPY_EX_DIV,ex-dividend 1.9040 USD -> mechanical gap down at the open
2026-07-02,NFP,"08:30 ET, before the open"
2026-07-14,CPI,"08:30 ET, before the open"
2026-07-29,FOMC_scheduled,14:00 ET statement (scheduled); unscheduled/notation times vary
2026-08-07,NFP,"08:30 ET, before the open"
2026-08-12,CPI,"08:30 ET, before the open"
2026-09-04,NFP,"08:30 ET, before the open"
2026-09-11,CPI,"08:30 ET, before the open"
2026-09-16,FOMC_scheduled,14:00 ET statement (scheduled); unscheduled/notation times vary
2026-09-18,SPY_EX_DIV,ex-dividend 1.8890 USD -> mechanical gap down at the open
