formulaType,fundingRate,fundingTime,instId,instType,method,realizedRate,t,r
withRate,0,1791216000000,SPY-USDT-SWAP,SWAP,current_period,0,2026-10-05 16:00:00,0.0
withRate,0,1791187200000,SPY-USDT-SWAP,SWAP,current_period,0,2026-10-05 08:00:00,0.0
withRate,0,1791158400000,SPY-USDT-SWAP,SWAP,current_period,0,2026-10-05 00:00:00,0.0
withRate,0,1791129600000,SPY-USDT-SWAP,SWAP,current_period,0,2026-10-04 16:00:00,0.0
withRate,0,1791100800000,SPY-USDT-SWAP,SWAP,current_period,0,2026-10-04 08:00:00,0.0
withRate,0,1791072000000,SPY-USDT-SWAP,SWAP,current_period,0,2026-10-04 00:00:00,0.0
withRate,0,1791043200000,SPY-USDT-SWAP,SWAP,current_period,0,2026-10-03 16:00:00,0.0
withRate,0,1791014400000,SPY-USDT-SWAP,SWAP,current_period,0,2026-10-03 08:00:00,0.0
withRate,0.0000886836136778,1790985600000,SPY-USDT-SWAP,SWAP,current_period,0.0000886836136778,2026-10-03 00:00:00,8.86836136778e-05
withRate,0,1790956800000,SPY-USDT-SWAP,SWAP,current_period,0,2026-10-02 16:00:00,0.0
withRate,0,1790928000000,SPY-USDT-SWAP,SWAP,current_period,0,2026-10-02 08:00:00,0.0
withRate,0.0001415594536375,1790899200000,SPY-USDT-SWAP,SWAP,current_period,0.0001415594536375,2026-10-02 00:00:00,0.0001415594536375
withRate,0.000060263522284,1790870400000,SPY-USDT-SWAP,SWAP,current_period,0.000060263522284,2026-10-01 16:00:00,6.0263522284e-05
withRate,0.0001369870019513,1790841600000,SPY-USDT-SWAP,SWAP,current_period,0.0001369870019513,2026-10-01 08:00:00,0.0001369870019513
withRate,0.0001131541196551,1790812800000,SPY-USDT-SWAP,SWAP,current_period,0.0001131541196551,2026-10-01 00:00:00,0.0001131541196551
withRate,0,1790784000000,SPY-USDT-SWAP,SWAP,current_period,0,2026-09-30 16:00:00,0.0
withRate,0,1790755200000,SPY-USDT-SWAP,SWAP,current_period,0,2026-09-30 08:00:00,0.0
withRate,0.0000627613327174,1790726400000,SPY-USDT-SWAP,SWAP,current_period,0.0000627613327174,2026-09-30 00:00:00,6.27613327174e-05
withRate,0.0000945518989419,1790697600000,SPY-USDT-SWAP,SWAP,current_period,0.0000945518989419,2026-09-29 16:00:00,9.45518989419e-05
withRate,0,1790668800000,SPY-USDT-SWAP,SWAP,current_period,0,2026-09-29 08:00:00,0.0
withRate,0,1790640000000,SPY-USDT-SWAP,SWAP,current_period,0,2026-09-29 00:00:00,0.0
withRate,0,1790611200000,SPY-USDT-SWAP,SWAP,current_period,0,2026-09-28 16:00:00,0.0
withRate,0,1790582400000,SPY-USDT-SWAP,SWAP,current_period,0,2026-09-28 08:00:00,0.0
withRate,0,1790553600000,SPY-USDT-SWAP,SWAP,current_period,0,2026-09-28 00:00:00,0.0
withRate,0,1790524800000,SPY-USDT-SWAP,SWAP,current_period,0,2026-09-27 16:00:00,0.0
withRate,0,1790496000000,SPY-USDT-SWAP,SWAP,current_period,0,2026-09-27 08:00:00,0.0
withRate,0,1790467200000,SPY-USDT-SWAP,SWAP,current_period,0,2026-09-27 00:00:00,0.0
withRate,0,1790438400000,SPY-USDT-SWAP,SWAP,current_period,0,2026-09-26 16:00:00,0.0
withRate,0,1790409600000,SPY-USDT-SWAP,SWAP,current_period,0,2026-09-26 08:00:00,0.0
withRate,0,1790380800000,SPY-USDT-SWAP,SWAP,current_period,0,2026-09-26 00:00:00,0.0
withRate,0,1790352000000,SPY-USDT-SWAP,SWAP,current_period,0,2026-09-25 16:00:00,0.0
withRate,0,1790323200000,SPY-USDT-SWAP,SWAP,current_period,0,2026-09-25 08:00:00,0.0
withRate,0,1790294400000,SPY-USDT-SWAP,SWAP,current_period,0,2026-09-25 00:00:00,0.0
withRate,0,1790265600000,SPY-USDT-SWAP,SWAP,current_period,0,2026-09-24 16:00:00,0.0
withRate,0.0001157307556439,1790236800000,SPY-USDT-SWAP,SWAP,current_period,0.0001157307556439,2026-09-24 08:00:00,0.0001157307556439
withRate,0.0001037808465204,1790208000000,SPY-USDT-SWAP,SWAP,current_period,0.0001037808465204,2026-09-24 00:00:00,0.0001037808465204
withRate,0,1790179200000,SPY-USDT-SWAP,SWAP,current_period,0,2026-09-23 16:00:00,0.0
withRate,0,1790150400000,SPY-USDT-SWAP,SWAP,current_period,0,2026-09-23 08:00:00,0.0
withRate,0,1790121600000,SPY-USDT-SWAP,SWAP,current_period,0,2026-09-23 00:00:00,0.0
withRate,0,1790092800000,SPY-USDT-SWAP,SWAP,current_period,0,2026-09-22 16:00:00,0.0
withRate,0,1790064000000,SPY-USDT-SWAP,SWAP,current_period,0,2026-09-22 08:00:00,0.0
withRate,0,1790035200000,SPY-USDT-SWAP,SWAP,current_period,0,2026-09-22 00:00:00,0.0
withRate,0.0000869959188752,1790006400000,SPY-USDT-SWAP,SWAP,current_period,0.0000869959188752,2026-09-21 16:00:00,8.69959188752e-05
withRate,0.0000483721239723,1789977600000,SPY-USDT-SWAP,SWAP,current_period,0.0000483721239723,2026-09-21 08:00:00,4.83721239723e-05
withRate,0,1789948800000,SPY-USDT-SWAP,SWAP,current_period,0,2026-09-21 00:00:00,0.0
withRate,0,1789920000000,SPY-USDT-SWAP,SWAP,current_period,0,2026-09-20 16:00:00,0.0
withRate,0,1789891200000,SPY-USDT-SWAP,SWAP,current_period,0,2026-09-20 08:00:00,0.0
withRate,0,1789862400000,SPY-USDT-SWAP,SWAP,current_period,0,2026-09-20 00:00:00,0.0
withRate,0,1789833600000,SPY-USDT-SWAP,SWAP,current_period,0,2026-09-19 16:00:00,0.0
withRate,0,1789804800000,SPY-USDT-SWAP,SWAP,current_period,0,2026-09-19 08:00:00,0.0
withRate,0,1789776000000,SPY-USDT-SWAP,SWAP,current_period,0,2026-09-19 00:00:00,0.0
withRate,0,1789747200000,SPY-USDT-SWAP,SWAP,current_period,0,2026-09-18 16:00:00,0.0
withRate,0,1789718400000,SPY-USDT-SWAP,SWAP,current_period,0,2026-09-18 08:00:00,0.0
withRate,0,1789689600000,SPY-USDT-SWAP,SWAP,current_period,0,2026-09-18 00:00:00,0.0
withRate,0,1789660800000,SPY-USDT-SWAP,SWAP,current_period,0,2026-09-17 16:00:00,0.0
withRate,0,1789632000000,SPY-USDT-SWAP,SWAP,current_period,0,2026-09-17 08:00:00,0.0
withRate,0,1789603200000,SPY-USDT-SWAP,SWAP,current_period,0,2026-09-17 00:00:00,0.0
withRate,0,1789574400000,SPY-USDT-SWAP,SWAP,current_period,0,2026-09-16 16:00:00,0.0
withRate,0,1789545600000,SPY-USDT-SWAP,SWAP,current_period,0,2026-09-16 08:00:00,0.0
withRate,0,1789516800000,SPY-USDT-SWAP,SWAP,current_period,0,2026-09-16 00:00:00,0.0
withRate,0,1789488000000,SPY-USDT-SWAP,SWAP,current_period,0,2026-09-15 16:00:00,0.0
withRate,0.0000107630317188,1789459200000,SPY-USDT-SWAP,SWAP,current_period,0.0000107630317188,2026-09-15 08:00:00,1.07630317188e-05
withRate,0.0000146303499266,1789430400000,SPY-USDT-SWAP,SWAP,current_period,0.0000146303499266,2026-09-15 00:00:00,1.46303499266e-05
withRate,0.0000547145753251,1789401600000,SPY-USDT-SWAP,SWAP,current_period,0.0000547145753251,2026-09-14 16:00:00,5.47145753251e-05
withRate,0,1789372800000,SPY-USDT-SWAP,SWAP,current_period,0,2026-09-14 08:00:00,0.0
withRate,0,1789344000000,SPY-USDT-SWAP,SWAP,current_period,0,2026-09-14 00:00:00,0.0
withRate,0,1789315200000,SPY-USDT-SWAP,SWAP,current_period,0,2026-09-13 16:00:00,0.0
withRate,0,1789286400000,SPY-USDT-SWAP,SWAP,current_period,0,2026-09-13 08:00:00,0.0
withRate,0,1789257600000,SPY-USDT-SWAP,SWAP,current_period,0,2026-09-13 00:00:00,0.0
withRate,0,1789228800000,SPY-USDT-SWAP,SWAP,current_period,0,2026-09-12 16:00:00,0.0
withRate,0,1789200000000,SPY-USDT-SWAP,SWAP,current_period,0,2026-09-12 08:00:00,0.0
withRate,0.000035510218596,1789171200000,SPY-USDT-SWAP,SWAP,current_period,0.000035510218596,2026-09-12 00:00:00,3.5510218596e-05
withRate,0,1789142400000,SPY-USDT-SWAP,SWAP,current_period,0,2026-09-11 16:00:00,0.0
withRate,0,1789113600000,SPY-USDT-SWAP,SWAP,current_period,0,2026-09-11 08:00:00,0.0
withRate,0.0000863161670781,1789084800000,SPY-USDT-SWAP,SWAP,current_period,0.0000863161670781,2026-09-11 00:00:00,8.63161670781e-05
withRate,0,1789056000000,SPY-USDT-SWAP,SWAP,current_period,0,2026-09-10 16:00:00,0.0
withRate,0,1789027200000,SPY-USDT-SWAP,SWAP,current_period,0,2026-09-10 08:00:00,0.0
withRate,0,1788998400000,SPY-USDT-SWAP,SWAP,current_period,0,2026-09-10 00:00:00,0.0
withRate,0.0001068589494782,1788969600000,SPY-USDT-SWAP,SWAP,current_period,0.0001068589494782,2026-09-09 16:00:00,0.0001068589494782
withRate,0.0001140003920371,1788940800000,SPY-USDT-SWAP,SWAP,current_period,0.0001140003920371,2026-09-09 08:00:00,0.0001140003920371
withRate,0.0001118615036431,1788912000000,SPY-USDT-SWAP,SWAP,current_period,0.0001118615036431,2026-09-09 00:00:00,0.0001118615036431
withRate,0.0000732049008216,1788883200000,SPY-USDT-SWAP,SWAP,current_period,0.0000732049008216,2026-09-08 16:00:00,7.32049008216e-05
withRate,0,1788854400000,SPY-USDT-SWAP,SWAP,current_period,0,2026-09-08 08:00:00,0.0
withRate,0,1788825600000,SPY-USDT-SWAP,SWAP,current_period,0,2026-09-08 00:00:00,0.0
withRate,0,1788796800000,SPY-USDT-SWAP,SWAP,current_period,0,2026-09-07 16:00:00,0.0
withRate,0,1788768000000,SPY-USDT-SWAP,SWAP,current_period,0,2026-09-07 08:00:00,0.0
withRate,0,1788739200000,SPY-USDT-SWAP,SWAP,current_period,0,2026-09-07 00:00:00,0.0
withRate,0,1788710400000,SPY-USDT-SWAP,SWAP,current_period,0,2026-09-06 16:00:00,0.0
withRate,0,1788681600000,SPY-USDT-SWAP,SWAP,current_period,0,2026-09-06 08:00:00,0.0
withRate,0,1788652800000,SPY-USDT-SWAP,SWAP,current_period,0,2026-09-06 00:00:00,0.0
withRate,0,1788624000000,SPY-USDT-SWAP,SWAP,current_period,0,2026-09-05 16:00:00,0.0
withRate,0,1788595200000,SPY-USDT-SWAP,SWAP,current_period,0,2026-09-05 08:00:00,0.0
withRate,0.0002318026891421,1788566400000,SPY-USDT-SWAP,SWAP,current_period,0.0002318026891421,2026-09-05 00:00:00,0.0002318026891421
withRate,0,1788537600000,SPY-USDT-SWAP,SWAP,current_period,0,2026-09-04 16:00:00,0.0
withRate,0,1788508800000,SPY-USDT-SWAP,SWAP,current_period,0,2026-09-04 08:00:00,0.0
withRate,0,1788480000000,SPY-USDT-SWAP,SWAP,current_period,0,2026-09-04 00:00:00,0.0
withRate,0,1788451200000,SPY-USDT-SWAP,SWAP,current_period,0,2026-09-03 16:00:00,0.0
withRate,0,1788422400000,SPY-USDT-SWAP,SWAP,current_period,0,2026-09-03 08:00:00,0.0
withRate,0.00008265661873,1788393600000,SPY-USDT-SWAP,SWAP,current_period,0.00008265661873,2026-09-03 00:00:00,8.265661873e-05
withRate,0,1788364800000,SPY-USDT-SWAP,SWAP,current_period,0,2026-09-02 16:00:00,0.0
withRate,0,1788336000000,SPY-USDT-SWAP,SWAP,current_period,0,2026-09-02 08:00:00,0.0
withRate,0,1788307200000,SPY-USDT-SWAP,SWAP,current_period,0,2026-09-02 00:00:00,0.0
withRate,0,1788278400000,SPY-USDT-SWAP,SWAP,current_period,0,2026-09-01 16:00:00,0.0
withRate,0.0001487572893797,1788249600000,SPY-USDT-SWAP,SWAP,current_period,0.0001487572893797,2026-09-01 08:00:00,0.0001487572893797
withRate,0.0000935692778919,1788220800000,SPY-USDT-SWAP,SWAP,current_period,0.0000935692778919,2026-09-01 00:00:00,9.35692778919e-05
withRate,0,1788192000000,SPY-USDT-SWAP,SWAP,current_period,0,2026-08-31 16:00:00,0.0
withRate,0.0001050378479025,1788163200000,SPY-USDT-SWAP,SWAP,current_period,0.0001050378479025,2026-08-31 08:00:00,0.0001050378479025
withRate,0,1788134400000,SPY-USDT-SWAP,SWAP,current_period,0,2026-08-31 00:00:00,0.0
withRate,0,1788105600000,SPY-USDT-SWAP,SWAP,current_period,0,2026-08-30 16:00:00,0.0
withRate,0,1788076800000,SPY-USDT-SWAP,SWAP,current_period,0,2026-08-30 08:00:00,0.0
withRate,0,1788048000000,SPY-USDT-SWAP,SWAP,current_period,0,2026-08-30 00:00:00,0.0
withRate,0,1788019200000,SPY-USDT-SWAP,SWAP,current_period,0,2026-08-29 16:00:00,0.0
withRate,0,1787990400000,SPY-USDT-SWAP,SWAP,current_period,0,2026-08-29 08:00:00,0.0
withRate,0.000034526209804,1787961600000,SPY-USDT-SWAP,SWAP,current_period,0.000034526209804,2026-08-29 00:00:00,3.4526209804e-05
withRate,0,1787932800000,SPY-USDT-SWAP,SWAP,current_period,0,2026-08-28 16:00:00,0.0
withRate,0,1787904000000,SPY-USDT-SWAP,SWAP,current_period,0,2026-08-28 08:00:00,0.0
withRate,0.0001331339360764,1787875200000,SPY-USDT-SWAP,SWAP,current_period,0.0001331339360764,2026-08-28 00:00:00,0.0001331339360764
withRate,0.0000218290331608,1787846400000,SPY-USDT-SWAP,SWAP,current_period,0.0000218290331608,2026-08-27 16:00:00,2.18290331608e-05
withRate,0.0001453427466923,1787817600000,SPY-USDT-SWAP,SWAP,current_period,0.0001453427466923,2026-08-27 08:00:00,0.0001453427466923
withRate,0.000124791556429,1787788800000,SPY-USDT-SWAP,SWAP,current_period,0.000124791556429,2026-08-27 00:00:00,0.000124791556429
withRate,0.0000019716365276,1787760000000,SPY-USDT-SWAP,SWAP,current_period,0.0000019716365276,2026-08-26 16:00:00,1.9716365276e-06
withRate,0.0000958101201675,1787731200000,SPY-USDT-SWAP,SWAP,current_period,0.0000958101201675,2026-08-26 08:00:00,9.58101201675e-05
withRate,0,1787702400000,SPY-USDT-SWAP,SWAP,current_period,0,2026-08-26 00:00:00,0.0
withRate,0.0000402811226754,1787673600000,SPY-USDT-SWAP,SWAP,current_period,0.0000402811226754,2026-08-25 16:00:00,4.02811226754e-05
withRate,0.0000347730104618,1787644800000,SPY-USDT-SWAP,SWAP,current_period,0.0000347730104618,2026-08-25 08:00:00,3.47730104618e-05
withRate,0,1787616000000,SPY-USDT-SWAP,SWAP,current_period,0,2026-08-25 00:00:00,0.0
withRate,0,1787587200000,SPY-USDT-SWAP,SWAP,current_period,0,2026-08-24 16:00:00,0.0
withRate,0.000155989502163,1787558400000,SPY-USDT-SWAP,SWAP,current_period,0.000155989502163,2026-08-24 08:00:00,0.000155989502163
withRate,0,1787529600000,SPY-USDT-SWAP,SWAP,current_period,0,2026-08-24 00:00:00,0.0
withRate,0,1787500800000,SPY-USDT-SWAP,SWAP,current_period,0,2026-08-23 16:00:00,0.0
withRate,0,1787472000000,SPY-USDT-SWAP,SWAP,current_period,0,2026-08-23 08:00:00,0.0
withRate,0,1787443200000,SPY-USDT-SWAP,SWAP,current_period,0,2026-08-23 00:00:00,0.0
withRate,0,1787414400000,SPY-USDT-SWAP,SWAP,current_period,0,2026-08-22 16:00:00,0.0
withRate,0,1787385600000,SPY-USDT-SWAP,SWAP,current_period,0,2026-08-22 08:00:00,0.0
withRate,0.0000821586843353,1787356800000,SPY-USDT-SWAP,SWAP,current_period,0.0000821586843353,2026-08-22 00:00:00,8.21586843353e-05
withRate,0.00004886093988,1787328000000,SPY-USDT-SWAP,SWAP,current_period,0.00004886093988,2026-08-21 16:00:00,4.886093988e-05
withRate,0,1787299200000,SPY-USDT-SWAP,SWAP,current_period,0,2026-08-21 08:00:00,0.0
withRate,0.0002226196042666,1787270400000,SPY-USDT-SWAP,SWAP,current_period,0.0002226196042666,2026-08-21 00:00:00,0.0002226196042666
withRate,0,1787241600000,SPY-USDT-SWAP,SWAP,current_period,0,2026-08-20 16:00:00,0.0
withRate,0,1787212800000,SPY-USDT-SWAP,SWAP,current_period,0,2026-08-20 08:00:00,0.0
withRate,0.0000474156034582,1787184000000,SPY-USDT-SWAP,SWAP,current_period,0.0000474156034582,2026-08-20 00:00:00,4.74156034582e-05
withRate,0,1787155200000,SPY-USDT-SWAP,SWAP,current_period,0,2026-08-19 16:00:00,0.0
withRate,0,1787126400000,SPY-USDT-SWAP,SWAP,current_period,0,2026-08-19 08:00:00,0.0
withRate,0,1787097600000,SPY-USDT-SWAP,SWAP,current_period,0,2026-08-19 00:00:00,0.0
withRate,0,1787068800000,SPY-USDT-SWAP,SWAP,current_period,0,2026-08-18 16:00:00,0.0
withRate,0,1787040000000,SPY-USDT-SWAP,SWAP,current_period,0,2026-08-18 08:00:00,0.0
withRate,0,1787011200000,SPY-USDT-SWAP,SWAP,current_period,0,2026-08-18 00:00:00,0.0
withRate,0,1786982400000,SPY-USDT-SWAP,SWAP,current_period,0,2026-08-17 16:00:00,0.0
withRate,0,1786953600000,SPY-USDT-SWAP,SWAP,current_period,0,2026-08-17 08:00:00,0.0
withRate,0,1786924800000,SPY-USDT-SWAP,SWAP,current_period,0,2026-08-17 00:00:00,0.0
withRate,0,1786896000000,SPY-USDT-SWAP,SWAP,current_period,0,2026-08-16 16:00:00,0.0
withRate,0,1786867200000,SPY-USDT-SWAP,SWAP,current_period,0,2026-08-16 08:00:00,0.0
withRate,0,1786838400000,SPY-USDT-SWAP,SWAP,current_period,0,2026-08-16 00:00:00,0.0
withRate,0,1786809600000,SPY-USDT-SWAP,SWAP,current_period,0,2026-08-15 16:00:00,0.0
withRate,0,1786780800000,SPY-USDT-SWAP,SWAP,current_period,0,2026-08-15 08:00:00,0.0
withRate,0,1786752000000,SPY-USDT-SWAP,SWAP,current_period,0,2026-08-15 00:00:00,0.0
withRate,0,1786723200000,SPY-USDT-SWAP,SWAP,current_period,0,2026-08-14 16:00:00,0.0
withRate,0,1786694400000,SPY-USDT-SWAP,SWAP,current_period,0,2026-08-14 08:00:00,0.0
withRate,0,1786665600000,SPY-USDT-SWAP,SWAP,current_period,0,2026-08-14 00:00:00,0.0
withRate,0,1786636800000,SPY-USDT-SWAP,SWAP,current_period,0,2026-08-13 16:00:00,0.0
withRate,0,1786608000000,SPY-USDT-SWAP,SWAP,current_period,0,2026-08-13 08:00:00,0.0
withRate,0,1786579200000,SPY-USDT-SWAP,SWAP,current_period,0,2026-08-13 00:00:00,0.0
withRate,0,1786550400000,SPY-USDT-SWAP,SWAP,current_period,0,2026-08-12 16:00:00,0.0
withRate,0,1786521600000,SPY-USDT-SWAP,SWAP,current_period,0,2026-08-12 08:00:00,0.0
withRate,0,1786492800000,SPY-USDT-SWAP,SWAP,current_period,0,2026-08-12 00:00:00,0.0
withRate,0,1786464000000,SPY-USDT-SWAP,SWAP,current_period,0,2026-08-11 16:00:00,0.0
withRate,0,1786435200000,SPY-USDT-SWAP,SWAP,current_period,0,2026-08-11 08:00:00,0.0
withRate,0,1786406400000,SPY-USDT-SWAP,SWAP,current_period,0,2026-08-11 00:00:00,0.0
withRate,0,1786377600000,SPY-USDT-SWAP,SWAP,current_period,0,2026-08-10 16:00:00,0.0
withRate,-0.0001000364998196,1786348800000,SPY-USDT-SWAP,SWAP,current_period,-0.0001000364998196,2026-08-10 08:00:00,-0.0001000364998196
withRate,-0.0000384739848134,1786320000000,SPY-USDT-SWAP,SWAP,current_period,-0.0000384739848134,2026-08-10 00:00:00,-3.84739848134e-05
withRate,0,1786291200000,SPY-USDT-SWAP,SWAP,current_period,0,2026-08-09 16:00:00,0.0
withRate,0,1786262400000,SPY-USDT-SWAP,SWAP,current_period,0,2026-08-09 08:00:00,0.0
withRate,0,1786233600000,SPY-USDT-SWAP,SWAP,current_period,0,2026-08-09 00:00:00,0.0
withRate,0,1786204800000,SPY-USDT-SWAP,SWAP,current_period,0,2026-08-08 16:00:00,0.0
withRate,0,1786176000000,SPY-USDT-SWAP,SWAP,current_period,0,2026-08-08 08:00:00,0.0
withRate,0,1786147200000,SPY-USDT-SWAP,SWAP,current_period,0,2026-08-08 00:00:00,0.0
withRate,0,1786118400000,SPY-USDT-SWAP,SWAP,current_period,0,2026-08-07 16:00:00,0.0
withRate,0,1786089600000,SPY-USDT-SWAP,SWAP,current_period,0,2026-08-07 08:00:00,0.0
withRate,0,1786060800000,SPY-USDT-SWAP,SWAP,current_period,0,2026-08-07 00:00:00,0.0
withRate,0,1786032000000,SPY-USDT-SWAP,SWAP,current_period,0,2026-08-06 16:00:00,0.0
withRate,0,1786003200000,SPY-USDT-SWAP,SWAP,current_period,0,2026-08-06 08:00:00,0.0
withRate,0,1785974400000,SPY-USDT-SWAP,SWAP,current_period,0,2026-08-06 00:00:00,0.0
withRate,-0.0001641703237118,1785945600000,SPY-USDT-SWAP,SWAP,current_period,-0.0001641703237118,2026-08-05 16:00:00,-0.0001641703237118
withRate,-0.0002563153912764,1785916800000,SPY-USDT-SWAP,SWAP,current_period,-0.0002563153912764,2026-08-05 08:00:00,-0.0002563153912764
withRate,0,1785888000000,SPY-USDT-SWAP,SWAP,current_period,0,2026-08-05 00:00:00,0.0
withRate,-0.0000204452259871,1785859200000,SPY-USDT-SWAP,SWAP,current_period,-0.0000204452259871,2026-08-04 16:00:00,-2.04452259871e-05
withRate,0,1785830400000,SPY-USDT-SWAP,SWAP,current_period,0,2026-08-04 08:00:00,0.0
withRate,0,1785801600000,SPY-USDT-SWAP,SWAP,current_period,0,2026-08-04 00:00:00,0.0
withRate,-0.000112745854768,1785772800000,SPY-USDT-SWAP,SWAP,current_period,-0.000112745854768,2026-08-03 16:00:00,-0.000112745854768
withRate,-0.0001480239966321,1785744000000,SPY-USDT-SWAP,SWAP,current_period,-0.0001480239966321,2026-08-03 08:00:00,-0.0001480239966321
withRate,0,1785715200000,SPY-USDT-SWAP,SWAP,current_period,0,2026-08-03 00:00:00,0.0
withRate,0,1785686400000,SPY-USDT-SWAP,SWAP,current_period,0,2026-08-02 16:00:00,0.0
withRate,0,1785657600000,SPY-USDT-SWAP,SWAP,current_period,0,2026-08-02 08:00:00,0.0
withRate,0,1785628800000,SPY-USDT-SWAP,SWAP,current_period,0,2026-08-02 00:00:00,0.0
withRate,0,1785600000000,SPY-USDT-SWAP,SWAP,current_period,0,2026-08-01 16:00:00,0.0
withRate,0,1785571200000,SPY-USDT-SWAP,SWAP,current_period,0,2026-08-01 08:00:00,0.0
withRate,0,1785542400000,SPY-USDT-SWAP,SWAP,current_period,0,2026-08-01 00:00:00,0.0
withRate,0,1785513600000,SPY-USDT-SWAP,SWAP,current_period,0,2026-07-31 16:00:00,0.0
withRate,0,1785484800000,SPY-USDT-SWAP,SWAP,current_period,0,2026-07-31 08:00:00,0.0
withRate,0,1785456000000,SPY-USDT-SWAP,SWAP,current_period,0,2026-07-31 00:00:00,0.0
withRate,0,1785427200000,SPY-USDT-SWAP,SWAP,current_period,0,2026-07-30 16:00:00,0.0
withRate,0,1785398400000,SPY-USDT-SWAP,SWAP,current_period,0,2026-07-30 08:00:00,0.0
withRate,0,1785369600000,SPY-USDT-SWAP,SWAP,current_period,0,2026-07-30 00:00:00,0.0
withRate,0,1785340800000,SPY-USDT-SWAP,SWAP,current_period,0,2026-07-29 16:00:00,0.0
withRate,0,1785312000000,SPY-USDT-SWAP,SWAP,current_period,0,2026-07-29 08:00:00,0.0
withRate,0,1785283200000,SPY-USDT-SWAP,SWAP,current_period,0,2026-07-29 00:00:00,0.0
withRate,0,1785254400000,SPY-USDT-SWAP,SWAP,current_period,0,2026-07-28 16:00:00,0.0
withRate,0,1785225600000,SPY-USDT-SWAP,SWAP,current_period,0,2026-07-28 08:00:00,0.0
withRate,0,1785196800000,SPY-USDT-SWAP,SWAP,current_period,0,2026-07-28 00:00:00,0.0
withRate,0,1785168000000,SPY-USDT-SWAP,SWAP,current_period,0,2026-07-27 16:00:00,0.0
withRate,0,1785139200000,SPY-USDT-SWAP,SWAP,current_period,0,2026-07-27 08:00:00,0.0
withRate,0,1785110400000,SPY-USDT-SWAP,SWAP,current_period,0,2026-07-27 00:00:00,0.0
withRate,0,1785081600000,SPY-USDT-SWAP,SWAP,current_period,0,2026-07-26 16:00:00,0.0
withRate,0,1785052800000,SPY-USDT-SWAP,SWAP,current_period,0,2026-07-26 08:00:00,0.0
withRate,0,1785024000000,SPY-USDT-SWAP,SWAP,current_period,0,2026-07-26 00:00:00,0.0
withRate,0,1784995200000,SPY-USDT-SWAP,SWAP,current_period,0,2026-07-25 16:00:00,0.0
withRate,0,1784966400000,SPY-USDT-SWAP,SWAP,current_period,0,2026-07-25 08:00:00,0.0
withRate,0,1784937600000,SPY-USDT-SWAP,SWAP,current_period,0,2026-07-25 00:00:00,0.0
withRate,0,1784908800000,SPY-USDT-SWAP,SWAP,current_period,0,2026-07-24 16:00:00,0.0
withRate,0,1784880000000,SPY-USDT-SWAP,SWAP,current_period,0,2026-07-24 08:00:00,0.0
withRate,0,1784851200000,SPY-USDT-SWAP,SWAP,current_period,0,2026-07-24 00:00:00,0.0
withRate,0,1784822400000,SPY-USDT-SWAP,SWAP,current_period,0,2026-07-23 16:00:00,0.0
withRate,0,1784793600000,SPY-USDT-SWAP,SWAP,current_period,0,2026-07-23 08:00:00,0.0
withRate,0,1784764800000,SPY-USDT-SWAP,SWAP,current_period,0,2026-07-23 00:00:00,0.0
withRate,0,1784736000000,SPY-USDT-SWAP,SWAP,current_period,0,2026-07-22 16:00:00,0.0
withRate,0,1784707200000,SPY-USDT-SWAP,SWAP,current_period,0,2026-07-22 08:00:00,0.0
withRate,0,1784678400000,SPY-USDT-SWAP,SWAP,current_period,0,2026-07-22 00:00:00,0.0
withRate,0,1784649600000,SPY-USDT-SWAP,SWAP,current_period,0,2026-07-21 16:00:00,0.0
withRate,0,1784620800000,SPY-USDT-SWAP,SWAP,current_period,0,2026-07-21 08:00:00,0.0
withRate,0,1784592000000,SPY-USDT-SWAP,SWAP,current_period,0,2026-07-21 00:00:00,0.0
withRate,0,1784563200000,SPY-USDT-SWAP,SWAP,current_period,0,2026-07-20 16:00:00,0.0
withRate,0,1784534400000,SPY-USDT-SWAP,SWAP,current_period,0,2026-07-20 08:00:00,0.0
withRate,0,1784505600000,SPY-USDT-SWAP,SWAP,current_period,0,2026-07-20 00:00:00,0.0
withRate,0,1784476800000,SPY-USDT-SWAP,SWAP,current_period,0,2026-07-19 16:00:00,0.0
withRate,0,1784448000000,SPY-USDT-SWAP,SWAP,current_period,0,2026-07-19 08:00:00,0.0
withRate,0,1784419200000,SPY-USDT-SWAP,SWAP,current_period,0,2026-07-19 00:00:00,0.0
withRate,0,1784390400000,SPY-USDT-SWAP,SWAP,current_period,0,2026-07-18 16:00:00,0.0
withRate,0,1784361600000,SPY-USDT-SWAP,SWAP,current_period,0,2026-07-18 08:00:00,0.0
withRate,0,1784332800000,SPY-USDT-SWAP,SWAP,current_period,0,2026-07-18 00:00:00,0.0
withRate,0,1784304000000,SPY-USDT-SWAP,SWAP,current_period,0,2026-07-17 16:00:00,0.0
withRate,0,1784275200000,SPY-USDT-SWAP,SWAP,current_period,0,2026-07-17 08:00:00,0.0
withRate,0,1784246400000,SPY-USDT-SWAP,SWAP,current_period,0,2026-07-17 00:00:00,0.0
withRate,0,1784217600000,SPY-USDT-SWAP,SWAP,current_period,0,2026-07-16 16:00:00,0.0
withRate,0,1784188800000,SPY-USDT-SWAP,SWAP,current_period,0,2026-07-16 08:00:00,0.0
withRate,0,1784160000000,SPY-USDT-SWAP,SWAP,current_period,0,2026-07-16 00:00:00,0.0
withRate,0,1784131200000,SPY-USDT-SWAP,SWAP,current_period,0,2026-07-15 16:00:00,0.0
withRate,0,1784102400000,SPY-USDT-SWAP,SWAP,current_period,0,2026-07-15 08:00:00,0.0
withRate,0,1784073600000,SPY-USDT-SWAP,SWAP,current_period,0,2026-07-15 00:00:00,0.0
withRate,0,1784044800000,SPY-USDT-SWAP,SWAP,current_period,0,2026-07-14 16:00:00,0.0
withRate,0,1784016000000,SPY-USDT-SWAP,SWAP,current_period,0,2026-07-14 08:00:00,0.0
withRate,0,1783987200000,SPY-USDT-SWAP,SWAP,current_period,0,2026-07-14 00:00:00,0.0
withRate,0,1783958400000,SPY-USDT-SWAP,SWAP,current_period,0,2026-07-13 16:00:00,0.0
withRate,0,1783929600000,SPY-USDT-SWAP,SWAP,current_period,0,2026-07-13 08:00:00,0.0
withRate,0,1783900800000,SPY-USDT-SWAP,SWAP,current_period,0,2026-07-13 00:00:00,0.0
withRate,0,1783872000000,SPY-USDT-SWAP,SWAP,current_period,0,2026-07-12 16:00:00,0.0
withRate,0,1783843200000,SPY-USDT-SWAP,SWAP,current_period,0,2026-07-12 08:00:00,0.0
withRate,0,1783814400000,SPY-USDT-SWAP,SWAP,current_period,0,2026-07-12 00:00:00,0.0
withRate,0,1783785600000,SPY-USDT-SWAP,SWAP,current_period,0,2026-07-11 16:00:00,0.0
withRate,0,1783756800000,SPY-USDT-SWAP,SWAP,current_period,0,2026-07-11 08:00:00,0.0
withRate,0,1783728000000,SPY-USDT-SWAP,SWAP,current_period,0,2026-07-11 00:00:00,0.0
withRate,0,1783699200000,SPY-USDT-SWAP,SWAP,current_period,0,2026-07-10 16:00:00,0.0
withRate,0,1783670400000,SPY-USDT-SWAP,SWAP,current_period,0,2026-07-10 08:00:00,0.0
withRate,0,1783641600000,SPY-USDT-SWAP,SWAP,current_period,0,2026-07-10 00:00:00,0.0
withRate,0,1783612800000,SPY-USDT-SWAP,SWAP,current_period,0,2026-07-09 16:00:00,0.0
withRate,0,1783584000000,SPY-USDT-SWAP,SWAP,current_period,0,2026-07-09 08:00:00,0.0
withRate,0,1783555200000,SPY-USDT-SWAP,SWAP,current_period,0,2026-07-09 00:00:00,0.0
withRate,0,1783526400000,SPY-USDT-SWAP,SWAP,current_period,0,2026-07-08 16:00:00,0.0
withRate,0,1783497600000,SPY-USDT-SWAP,SWAP,current_period,0,2026-07-08 08:00:00,0.0
withRate,0,1783468800000,SPY-USDT-SWAP,SWAP,current_period,0,2026-07-08 00:00:00,0.0
withRate,0,1783440000000,SPY-USDT-SWAP,SWAP,current_period,0,2026-07-07 16:00:00,0.0
withRate,0,1783411200000,SPY-USDT-SWAP,SWAP,current_period,0,2026-07-07 08:00:00,0.0
withRate,0,1783382400000,SPY-USDT-SWAP,SWAP,current_period,0,2026-07-07 00:00:00,0.0
withRate,0,1783353600000,SPY-USDT-SWAP,SWAP,current_period,0,2026-07-06 16:00:00,0.0
withRate,0,1783324800000,SPY-USDT-SWAP,SWAP,current_period,0,2026-07-06 08:00:00,0.0
withRate,0,1783296000000,SPY-USDT-SWAP,SWAP,current_period,0,2026-07-06 00:00:00,0.0
withRate,0,1783267200000,SPY-USDT-SWAP,SWAP,current_period,0,2026-07-05 16:00:00,0.0
withRate,0,1783238400000,SPY-USDT-SWAP,SWAP,current_period,0,2026-07-05 08:00:00,0.0
withRate,0,1783209600000,SPY-USDT-SWAP,SWAP,current_period,0,2026-07-05 00:00:00,0.0
withRate,0,1783180800000,SPY-USDT-SWAP,SWAP,current_period,0,2026-07-04 16:00:00,0.0
withRate,0,1783152000000,SPY-USDT-SWAP,SWAP,current_period,0,2026-07-04 08:00:00,0.0
withRate,0,1783123200000,SPY-USDT-SWAP,SWAP,current_period,0,2026-07-04 00:00:00,0.0
withRate,0,1783094400000,SPY-USDT-SWAP,SWAP,current_period,0,2026-07-03 16:00:00,0.0
withRate,0,1783065600000,SPY-USDT-SWAP,SWAP,current_period,0,2026-07-03 08:00:00,0.0
withRate,0,1783036800000,SPY-USDT-SWAP,SWAP,current_period,0,2026-07-03 00:00:00,0.0
withRate,0,1783008000000,SPY-USDT-SWAP,SWAP,current_period,0,2026-07-02 16:00:00,0.0
withRate,0,1782979200000,SPY-USDT-SWAP,SWAP,current_period,0,2026-07-02 08:00:00,0.0
withRate,0,1782950400000,SPY-USDT-SWAP,SWAP,current_period,0,2026-07-02 00:00:00,0.0
withRate,0,1782921600000,SPY-USDT-SWAP,SWAP,current_period,0,2026-07-01 16:00:00,0.0
withRate,0,1782892800000,SPY-USDT-SWAP,SWAP,current_period,0,2026-07-01 08:00:00,0.0
withRate,0,1782864000000,SPY-USDT-SWAP,SWAP,current_period,0,2026-07-01 00:00:00,0.0
withRate,0,1782835200000,SPY-USDT-SWAP,SWAP,current_period,0,2026-06-30 16:00:00,0.0
withRate,0,1782806400000,SPY-USDT-SWAP,SWAP,current_period,0,2026-06-30 08:00:00,0.0
withRate,0,1782777600000,SPY-USDT-SWAP,SWAP,current_period,0,2026-06-30 00:00:00,0.0
withRate,0,1782748800000,SPY-USDT-SWAP,SWAP,current_period,0,2026-06-29 16:00:00,0.0
withRate,0,1782720000000,SPY-USDT-SWAP,SWAP,current_period,0,2026-06-29 08:00:00,0.0
