kind,t,px,drawn_px,bar,leg_pct
T,2026-08-05 10:30:00,776.85,775.22,13739,
B,2026-08-06 16:00:00,767.7,772.09,13752,-1.1778335586020483
T,2026-08-10 11:30:00,775.05,774.7,13761,0.9574052364204721
B,2026-08-10 13:30:00,771.62,769.62,13763,-0.4425520934133176
T,2026-08-11 10:30:00,774.61,774.63,13767,0.38749643606956763
B,2026-08-11 14:30:00,769.2,772.09,13771,-0.6984159770723308
T,2026-08-13 11:30:00,779.37,778.96,13782,1.3221528861154352
B,2026-08-20 12:30:00,765.23,762.15,13818,-1.8142858975839449
T,2026-08-21 12:30:00,767.85,766.86,13825,0.3423807221358377
B,2026-08-24 10:30:00,762.08,762.9,13830,-0.7514488506869754
T,2026-08-25 10:30:00,766.78,766.56,13837,0.6167331513751817
B,2026-08-25 11:30:00,763.0501,764.61,13838,-0.4864367876053044
T,2026-08-28 11:30:00,775.3,772.83,13859,1.6053860683590715
B,2026-09-01 15:30:00,759.48,761.03,13877,-2.040500451438143
T,2026-09-03 14:30:00,774.03,773.51,13890,1.9157844841207083
B,2026-09-10 10:30:00,756.64,757.82,13914,-2.2466829451054826
T,2026-09-11 10:30:00,766.38,764.91,13921,1.2872700359483957
B,2026-09-16 15:30:00,749.6,751.47,13947,-2.1895143401445716
T,2026-09-17 16:00:00,763.57,762.52,13955,1.8636606189968097
B,2026-09-18 12:30:00,757.971,758.94,13958,-0.7332661052686817
T,2026-09-22 16:00:00,774.94,774.63,13976,2.238740004564832
B,2026-09-24 11:30:00,763.245,762.9,13985,-1.509149095413842
T,2026-09-25 16:00:00,772.28,772.24,13997,1.1837614396425833
B,2026-09-29 13:30:00,762.35,763.79,14008,-1.2858030766043305
T,2026-09-30 11:30:00,769.41,767.6,14013,0.9260838197678201
B,2026-10-01 14:30:00,762.201,759.53,14023,-0.9369516902561603
T,2026-10-05 15:30:00,776.605,775.75,14038,1.889790225937782
