kind,t,px,conf_t,conf_px
T,2026-08-05 10:30:00,774.9257425500001,2026-08-05 11:30:00,769.7984743300001
B,2026-08-06 12:30:00,765.5590015800001,2026-08-07 10:30:00,771.2748083700001
T,2026-08-10 11:30:00,773.13020115,2026-08-11 12:30:00,769.907204337
B,2026-08-11 14:30:00,767.2946916000001,2026-08-12 10:30:00,770.8807867849999
T,2026-08-12 10:30:00,772.9805727,2026-08-12 11:30:00,770.45683951
B,2026-08-12 11:30:00,769.36953944,2026-08-13 10:30:00,777.2599463700001
T,2026-08-13 11:30:00,777.43950051,2026-08-13 12:30:00,774.59655996
B,2026-08-18 16:00:00,765.02033916,2026-08-19 10:30:00,768.12263569
T,2026-08-19 11:30:00,770.5565918100001,2026-08-19 14:30:00,767.6737503400001
B,2026-08-20 16:00:00,760.15242692,2026-08-21 10:30:00,762.75596195
T,2026-08-21 12:30:00,765.9480355500001,2026-08-24 10:30:00,761.03024716
B,2026-08-24 10:30:00,760.1923278400001,2026-08-25 10:30:00,762.8058381000001
T,2026-08-25 10:30:00,764.88068594,2026-08-25 11:30:00,763.41432713
B,2026-08-25 11:30:00,761.1600249023,2026-08-26 10:30:00,763.1848968400001
T,2026-08-28 11:30:00,773.3795819,2026-08-28 12:30:00,767.6937008000001
B,2026-09-01 10:30:00,759.28458191,2026-09-01 12:30:00,760.6510886677
T,2026-09-01 12:30:00,762.77591241,2026-09-01 13:30:00,759.7933186399999
B,2026-09-01 15:30:00,757.5987680400001,2026-09-02 10:30:00,763.37442621
T,2026-09-03 14:30:00,772.11272769,2026-09-04 11:30:00,767.52412189
B,2026-09-10 10:30:00,754.76580272,2026-09-11 10:30:00,763.8332867900001
T,2026-09-11 10:30:00,764.48167674,2026-09-14 10:30:00,756.9603533200001
B,2026-09-14 11:30:00,756.0526073899999,2026-09-14 12:30:00,760.13247646
T,2026-09-14 13:30:00,761.62876096,2026-09-15 10:30:00,755.6037220400001
B,2026-09-15 11:30:00,754.27701645,2026-09-16 10:30:00,757.0800560800001
T,2026-09-16 12:30:00,759.78334341,2026-09-16 15:30:00,749.39912898
B,2026-09-16 15:30:00,747.7432408000001,2026-09-16 16:00:00,752.18221815
T,2026-09-17 16:00:00,761.6786371100001,2026-09-18 10:30:00,759.3399
B,2026-09-18 12:30:00,757.971,2026-09-18 15:30:00,760.86
T,2026-09-22 10:30:00,775.14,2026-09-23 10:30:00,768.86
B,2026-09-24 11:30:00,763.245,2026-09-24 12:30:00,767.15
T,2026-09-25 16:00:00,772.28,2026-09-28 10:30:00,767.45
B,2026-09-28 11:30:00,763.715,2026-09-28 12:30:00,768.71
T,2026-09-28 12:30:00,769.54,2026-09-28 15:30:00,765.99
B,2026-09-29 13:30:00,762.35,2026-09-30 10:30:00,767.87
T,2026-09-30 11:30:00,769.41,2026-09-30 16:00:00,762.63
B,2026-10-01 11:30:00,758.7901,2026-10-01 13:30:00,763.685
T,2026-10-02 11:30:00,772.65,2026-10-02 12:30:00,768.96
B,2026-10-02 12:30:00,768.14,2026-10-05 10:30:00,772.6703
